Pregnancies,Glucose,SkinThickness,Insulin,BMI,DiabetesPedigreeFunction,Age,Outcome
6,148,35,0,33.6,0.627,50,1
1,85,29,0,26.6,0.351,31,0
8,183,0,0,23.3,0.672,32,1
1,89,23,94,28.1,0.167,21,0
0,137,35,168,43.1,2.288,33,1
5,116,0,0,25.6,0.201,30,0
3,78,32,88,31,0.248,26,1
10,115,0,0,35.3,0.134,29,0
2,197,45,543,30.5,0.158,53,1
8,125,0,0,0,0.232,54,1
4,110,0,0,37.6,0.191,30,0
10,168,0,0,38,0.537,34,1
10,139,0,0,27.1,1.441,57,0
1,189,23,846,30.1,0.398,59,1
5,166,19,175,25.8,0.587,51,1
7,100,0,0,30,0.484,32,1
0,118,47,230,45.8,0.551,31,1
7,107,0,0,29.6,0.254,31,1
1,103,38,83,43.3,0.183,33,0
1,115,30,96,34.6,0.529,32,1
3,126,41,235,39.3,0.704,27,0
8,99,0,0,35.4,0.388,50,0
7,196,0,0,39.8,0.451,41,1
9,119,35,0,29,0.263,29,1
11,143,33,146,36.6,0.254,51,1
10,125,26,115,31.1,0.205,41,1
7,147,0,0,39.4,0.257,43,1
1,97,15,140,23.2,0.487,22,0
13,145,19,110,22.2,0.245,57,0
5,117,0,0,34.1,0.337,38,0
5,109,26,0,36,0.546,60,0
3,158,36,245,31.6,0.851,28,1
3,88,11,54,24.8,0.267,22,0
6,92,0,0,19.9,0.188,28,0
10,122,31,0,27.6,0.512,45,0
4,103,33,192,24,0.966,33,0
11,138,0,0,33.2,0.42,35,0
9,102,37,0,32.9,0.665,46,1
2,90,42,0,38.2,0.503,27,1
4,111,47,207,37.1,1.39,56,1
3,180,25,70,34,0.271,26,0
7,133,0,0,40.2,0.696,37,0
7,106,18,0,22.7,0.235,48,0
9,171,24,240,45.4,0.721,54,1
7,159,0,0,27.4,0.294,40,0
0,180,39,0,42,1.893,25,1
1,146,0,0,29.7,0.564,29,0
2,71,27,0,28,0.586,22,0
7,103,32,0,39.1,0.344,31,1
7,105,0,0,0,0.305,24,0
1,103,11,82,19.4,0.491,22,0
1,101,15,36,24.2,0.526,26,0
5,88,21,23,24.4,0.342,30,0
8,176,34,300,33.7,0.467,58,1
7,150,42,342,34.7,0.718,42,0
1,73,10,0,23,0.248,21,0
7,187,39,304,37.7,0.254,41,1
0,100,60,110,46.8,0.962,31,0
0,146,0,0,40.5,1.781,44,0
0,105,41,142,41.5,0.173,22,0
2,84,0,0,0,0.304,21,0
8,133,0,0,32.9,0.27,39,1
5,44,0,0,25,0.587,36,0
2,141,34,128,25.4,0.699,24,0
7,114,0,0,32.8,0.258,42,1
5,99,27,0,29,0.203,32,0
0,109,30,0,32.5,0.855,38,1
2,109,0,0,42.7,0.845,54,0
1,95,13,38,19.6,0.334,25,0
4,146,27,100,28.9,0.189,27,0
2,100,20,90,32.9,0.867,28,1
5,139,35,140,28.6,0.411,26,0
13,126,0,0,43.4,0.583,42,1
4,129,20,270,35.1,0.231,23,0
1,79,30,0,32,0.396,22,0
1,0,20,0,24.7,0.14,22,0
7,62,0,0,32.6,0.391,41,0
5,95,33,0,37.7,0.37,27,0
0,131,0,0,43.2,0.27,26,1
2,112,22,0,25,0.307,24,0
3,113,13,0,22.4,0.14,22,0
2,74,0,0,0,0.102,22,0
7,83,26,71,29.3,0.767,36,0
0,101,28,0,24.6,0.237,22,0
5,137,0,0,48.8,0.227,37,1
2,110,29,125,32.4,0.698,27,0
13,106,54,0,36.6,0.178,45,0
2,100,25,71,38.5,0.324,26,0
15,136,32,110,37.1,0.153,43,1
1,107,19,0,26.5,0.165,24,0
1,80,0,0,19.1,0.258,21,0
4,123,15,176,32,0.443,34,0
7,81,40,48,46.7,0.261,42,0
4,134,0,0,23.8,0.277,60,1
2,142,18,64,24.7,0.761,21,0
6,144,27,228,33.9,0.255,40,0
2,92,28,0,31.6,0.13,24,0
1,71,18,76,20.4,0.323,22,0
6,93,30,64,28.7,0.356,23,0
1,122,51,220,49.7,0.325,31,1
1,163,0,0,39,1.222,33,1
1,151,0,0,26.1,0.179,22,0
0,125,0,0,22.5,0.262,21,0
1,81,18,40,26.6,0.283,24,0
2,85,0,0,39.6,0.93,27,0
1,126,29,152,28.7,0.801,21,0
1,96,0,0,22.4,0.207,27,0
4,144,28,140,29.5,0.287,37,0
3,83,31,18,34.3,0.336,25,0
0,95,25,36,37.4,0.247,24,1
3,171,33,135,33.3,0.199,24,1
8,155,26,495,34,0.543,46,1
1,89,34,37,31.2,0.192,23,0
4,76,0,0,34,0.391,25,0
7,160,32,175,30.5,0.588,39,1
4,146,0,0,31.2,0.539,61,1
5,124,0,0,34,0.22,38,1
5,78,0,0,33.7,0.654,25,0
4,97,23,0,28.2,0.443,22,0
4,99,15,51,23.2,0.223,21,0
0,162,56,100,53.2,0.759,25,1
6,111,39,0,34.2,0.26,24,0
2,107,30,100,33.6,0.404,23,0
5,132,0,0,26.8,0.186,69,0
0,113,0,0,33.3,0.278,23,1
1,88,42,99,55,0.496,26,1
3,120,30,135,42.9,0.452,30,0
1,118,36,94,33.3,0.261,23,0
1,117,24,145,34.5,0.403,40,1
0,105,0,0,27.9,0.741,62,1
4,173,14,168,29.7,0.361,33,1
9,122,0,0,33.3,1.114,33,1
3,170,37,225,34.5,0.356,30,1
8,84,31,0,38.3,0.457,39,0
2,96,13,49,21.1,0.647,26,0
2,125,20,140,33.8,0.088,31,0
0,100,26,50,30.8,0.597,21,0
0,93,25,92,28.7,0.532,22,0
0,129,0,0,31.2,0.703,29,0
5,105,29,325,36.9,0.159,28,0
3,128,0,0,21.1,0.268,55,0
5,106,30,0,39.5,0.286,38,0
2,108,26,63,32.5,0.318,22,0
10,108,0,0,32.4,0.272,42,1
4,154,31,284,32.8,0.237,23,0
0,102,23,0,0,0.572,21,0
9,57,37,0,32.8,0.096,41,0
2,106,35,119,30.5,1.4,34,0
5,147,0,0,33.7,0.218,65,0
2,90,17,0,27.3,0.085,22,0
1,136,50,204,37.4,0.399,24,0
4,114,0,0,21.9,0.432,37,0
9,156,28,155,34.3,1.189,42,1
1,153,42,485,40.6,0.687,23,0
8,188,0,0,47.9,0.137,43,1
7,152,44,0,50,0.337,36,1
2,99,15,94,24.6,0.637,21,0
1,109,21,135,25.2,0.833,23,0
2,88,19,53,29,0.229,22,0
17,163,41,114,40.9,0.817,47,1
4,151,38,0,29.7,0.294,36,0
7,102,40,105,37.2,0.204,45,0
0,114,34,285,44.2,0.167,27,0
2,100,23,0,29.7,0.368,21,0
0,131,0,0,31.6,0.743,32,1
6,104,18,156,29.9,0.722,41,1
3,148,25,0,32.5,0.256,22,0
4,120,0,0,29.6,0.709,34,0
4,110,0,0,31.9,0.471,29,0
3,111,12,78,28.4,0.495,29,0
6,102,0,0,30.8,0.18,36,1
6,134,23,130,35.4,0.542,29,1
2,87,23,0,28.9,0.773,25,0
1,79,42,48,43.5,0.678,23,0
2,75,24,55,29.7,0.37,33,0
8,179,42,130,32.7,0.719,36,1
6,85,0,0,31.2,0.382,42,0
0,129,46,130,67.1,0.319,26,1
5,143,0,0,45,0.19,47,0
5,130,0,0,39.1,0.956,37,1
6,87,0,0,23.2,0.084,32,0
0,119,18,92,34.9,0.725,23,0
1,0,20,23,27.7,0.299,21,0
5,73,0,0,26.8,0.268,27,0
4,141,0,0,27.6,0.244,40,0
7,194,28,0,35.9,0.745,41,1
8,181,36,495,30.1,0.615,60,1
1,128,41,58,32,1.321,33,1
8,109,39,114,27.9,0.64,31,1
5,139,35,160,31.6,0.361,25,1
3,111,0,0,22.6,0.142,21,0
9,123,44,94,33.1,0.374,40,0
7,159,0,0,30.4,0.383,36,1
11,135,0,0,52.3,0.578,40,1
8,85,20,0,24.4,0.136,42,0
5,158,41,210,39.4,0.395,29,1
1,105,0,0,24.3,0.187,21,0
3,107,13,48,22.9,0.678,23,1
4,109,44,99,34.8,0.905,26,1
4,148,27,318,30.9,0.15,29,1
0,113,16,0,31,0.874,21,0
1,138,0,0,40.1,0.236,28,0
0,108,20,0,27.3,0.787,32,0
2,99,16,44,20.4,0.235,27,0
6,103,32,190,37.7,0.324,55,0
5,111,28,0,23.9,0.407,27,0
8,196,29,280,37.5,0.605,57,1
5,162,0,0,37.7,0.151,52,1
1,96,27,87,33.2,0.289,21,0
7,184,33,0,35.5,0.355,41,1
2,81,22,0,27.7,0.29,25,0
0,147,54,0,42.8,0.375,24,0
7,179,31,0,34.2,0.164,60,0
0,140,26,130,42.6,0.431,24,1
9,112,32,175,34.2,0.26,36,1
12,151,40,271,41.8,0.742,38,1
5,109,41,129,35.8,0.514,25,1
6,125,30,120,30,0.464,32,0
5,85,22,0,29,1.224,32,1
5,112,0,0,37.8,0.261,41,1
0,177,29,478,34.6,1.072,21,1
2,158,0,0,31.6,0.805,66,1
7,119,0,0,25.2,0.209,37,0
7,142,33,190,28.8,0.687,61,0
1,100,15,56,23.6,0.666,26,0
1,87,27,32,34.6,0.101,22,0
0,101,0,0,35.7,0.198,26,0
3,162,38,0,37.2,0.652,24,1
4,197,39,744,36.7,2.329,31,0
0,117,31,53,45.2,0.089,24,0
4,142,0,0,44,0.645,22,1
6,134,37,370,46.2,0.238,46,1
1,79,25,37,25.4,0.583,22,0
4,122,0,0,35,0.394,29,0
3,74,28,45,29.7,0.293,23,0
4,171,0,0,43.6,0.479,26,1
7,181,21,192,35.9,0.586,51,1
0,179,27,0,44.1,0.686,23,1
9,164,21,0,30.8,0.831,32,1
0,104,0,0,18.4,0.582,27,0
1,91,24,0,29.2,0.192,21,0
4,91,32,88,33.1,0.446,22,0
3,139,0,0,25.6,0.402,22,1
6,119,22,176,27.1,1.318,33,1
2,146,35,194,38.2,0.329,29,0
9,184,15,0,30,1.213,49,1
10,122,0,0,31.2,0.258,41,0
0,165,33,680,52.3,0.427,23,0
9,124,33,402,35.4,0.282,34,0
1,111,19,0,30.1,0.143,23,0
9,106,0,0,31.2,0.38,42,0
2,129,0,0,28,0.284,27,0
2,90,14,55,24.4,0.249,24,0
0,86,32,0,35.8,0.238,25,0
12,92,7,258,27.6,0.926,44,1
1,113,35,0,33.6,0.543,21,1
3,111,39,0,30.1,0.557,30,0
2,114,22,0,28.7,0.092,25,0
1,193,16,375,25.9,0.655,24,0
11,155,28,150,33.3,1.353,51,1
3,191,15,130,30.9,0.299,34,0
3,141,0,0,30,0.761,27,1
4,95,32,0,32.1,0.612,24,0
3,142,15,0,32.4,0.2,63,0
4,123,0,0,32,0.226,35,1
5,96,18,67,33.6,0.997,43,0
0,138,0,0,36.3,0.933,25,1
2,128,42,0,40,1.101,24,0
0,102,0,0,25.1,0.078,21,0
2,146,0,0,27.5,0.24,28,1
10,101,37,0,45.6,1.136,38,1
2,108,32,56,25.2,0.128,21,0
3,122,0,0,23,0.254,40,0
1,71,50,45,33.2,0.422,21,0
13,106,0,0,34.2,0.251,52,0
2,100,52,57,40.5,0.677,25,0
7,106,24,0,26.5,0.296,29,1
0,104,23,116,27.8,0.454,23,0
5,114,0,0,24.9,0.744,57,0
2,108,10,278,25.3,0.881,22,0
0,146,0,0,37.9,0.334,28,1
10,129,28,122,35.9,0.28,39,0
7,133,15,155,32.4,0.262,37,0
7,161,0,0,30.4,0.165,47,1
2,108,0,0,27,0.259,52,1
7,136,26,135,26,0.647,51,0
5,155,44,545,38.7,0.619,34,0
1,119,39,220,45.6,0.808,29,1
4,96,17,49,20.8,0.34,26,0
5,108,43,75,36.1,0.263,33,0
0,78,29,40,36.9,0.434,21,0
0,107,30,74,36.6,0.757,25,1
2,128,37,182,43.3,1.224,31,1
1,128,45,194,40.5,0.613,24,1
0,161,0,0,21.9,0.254,65,0
6,151,31,120,35.5,0.692,28,0
2,146,38,360,28,0.337,29,1
0,126,29,215,30.7,0.52,24,0
14,100,25,184,36.6,0.412,46,1
8,112,0,0,23.6,0.84,58,0
0,167,0,0,32.3,0.839,30,1
2,144,33,135,31.6,0.422,25,1
5,77,41,42,35.8,0.156,35,0
5,115,0,0,52.9,0.209,28,1
3,150,0,0,21,0.207,37,0
2,120,37,105,39.7,0.215,29,0
10,161,23,132,25.5,0.326,47,1
0,137,14,148,24.8,0.143,21,0
0,128,19,180,30.5,1.391,25,1
2,124,28,205,32.9,0.875,30,1
6,80,30,0,26.2,0.313,41,0
0,106,37,148,39.4,0.605,22,0
2,155,17,96,26.6,0.433,27,1
3,113,10,85,29.5,0.626,25,0
7,109,31,0,35.9,1.127,43,1
2,112,22,94,34.1,0.315,26,0
3,99,11,64,19.3,0.284,30,0
3,182,0,0,30.5,0.345,29,1
3,115,39,140,38.1,0.15,28,0
6,194,0,0,23.5,0.129,59,1
4,129,12,231,27.5,0.527,31,0
3,112,30,0,31.6,0.197,25,1
0,124,20,0,27.4,0.254,36,1
13,152,33,29,26.8,0.731,43,1
2,112,32,0,35.7,0.148,21,0
1,157,21,168,25.6,0.123,24,0
1,122,32,156,35.1,0.692,30,1
10,179,0,0,35.1,0.2,37,0
2,102,36,120,45.5,0.127,23,1
6,105,32,68,30.8,0.122,37,0
8,118,19,0,23.1,1.476,46,0
2,87,16,52,32.7,0.166,25,0
1,180,0,0,43.3,0.282,41,1
12,106,0,0,23.6,0.137,44,0
1,95,18,58,23.9,0.26,22,0
0,165,43,255,47.9,0.259,26,0
0,117,0,0,33.8,0.932,44,0
5,115,0,0,31.2,0.343,44,1
9,152,34,171,34.2,0.893,33,1
7,178,0,0,39.9,0.331,41,1
1,130,13,105,25.9,0.472,22,0
1,95,21,73,25.9,0.673,36,0
1,0,35,0,32,0.389,22,0
5,122,0,0,34.7,0.29,33,0
8,95,0,0,36.8,0.485,57,0
8,126,36,108,38.5,0.349,49,0
1,139,19,83,28.7,0.654,22,0
3,116,0,0,23.5,0.187,23,0
3,99,19,74,21.8,0.279,26,0
5,0,32,0,41,0.346,37,1
4,92,0,0,42.2,0.237,29,0
4,137,0,0,31.2,0.252,30,0
3,61,28,0,34.4,0.243,46,0
1,90,12,43,27.2,0.58,24,0
3,90,0,0,42.7,0.559,21,0
9,165,0,0,30.4,0.302,49,1
1,125,40,167,33.3,0.962,28,1
13,129,30,0,39.9,0.569,44,1
12,88,40,54,35.3,0.378,48,0
1,196,36,249,36.5,0.875,29,1
5,189,33,325,31.2,0.583,29,1
5,158,0,0,29.8,0.207,63,0
5,103,37,0,39.2,0.305,65,0
4,146,0,0,38.5,0.52,67,1
4,147,25,293,34.9,0.385,30,0
5,99,28,83,34,0.499,30,0
6,124,0,0,27.6,0.368,29,1
0,101,17,0,21,0.252,21,0
3,81,16,66,27.5,0.306,22,0
1,133,28,140,32.8,0.234,45,1
3,173,48,465,38.4,2.137,25,1
0,118,23,89,0,1.731,21,0
0,84,22,66,35.8,0.545,21,0
2,105,40,94,34.9,0.225,25,0
2,122,43,158,36.2,0.816,28,0
12,140,43,325,39.2,0.528,58,1
0,98,15,84,25.2,0.299,22,0
1,87,37,75,37.2,0.509,22,0
4,156,0,0,48.3,0.238,32,1
0,93,39,72,43.4,1.021,35,0
1,107,30,82,30.8,0.821,24,0
0,105,22,0,20,0.236,22,0
1,109,8,182,25.4,0.947,21,0
1,90,18,59,25.1,1.268,25,0
1,125,24,110,24.3,0.221,25,0
1,119,13,50,22.3,0.205,24,0
5,116,29,0,32.3,0.66,35,1
8,105,36,0,43.3,0.239,45,1
5,144,26,285,32,0.452,58,1
3,100,23,81,31.6,0.949,28,0
1,100,29,196,32,0.444,42,0
5,166,0,0,45.7,0.34,27,1
1,131,14,415,23.7,0.389,21,0
4,116,12,87,22.1,0.463,37,0
4,158,0,0,32.9,0.803,31,1
2,127,24,275,27.7,1.6,25,0
3,96,34,115,24.7,0.944,39,0
0,131,40,0,34.3,0.196,22,1
3,82,0,0,21.1,0.389,25,0
3,193,31,0,34.9,0.241,25,1
4,95,0,0,32,0.161,31,1
6,137,0,0,24.2,0.151,55,0
5,136,41,88,35,0.286,35,1
9,72,25,0,31.6,0.28,38,0
5,168,0,0,32.9,0.135,41,1
2,123,32,165,42.1,0.52,26,0
4,115,0,0,28.9,0.376,46,1
0,101,0,0,21.9,0.336,25,0
8,197,0,0,25.9,1.191,39,1
1,172,49,579,42.4,0.702,28,1
6,102,39,0,35.7,0.674,28,0
1,112,30,176,34.4,0.528,25,0
1,143,23,310,42.4,1.076,22,0
1,143,22,61,26.2,0.256,21,0
0,138,35,167,34.6,0.534,21,1
3,173,33,474,35.7,0.258,22,1
1,97,21,0,27.2,1.095,22,0
4,144,32,0,38.5,0.554,37,1
1,83,0,0,18.2,0.624,27,0
3,129,29,115,26.4,0.219,28,1
1,119,41,170,45.3,0.507,26,0
2,94,18,76,26,0.561,21,0
0,102,46,78,40.6,0.496,21,0
2,115,22,0,30.8,0.421,21,0
8,151,32,210,42.9,0.516,36,1
4,184,39,277,37,0.264,31,1
0,94,0,0,0,0.256,25,0
1,181,30,180,34.1,0.328,38,1
0,135,46,145,40.6,0.284,26,0
1,95,25,180,35,0.233,43,1
2,99,0,0,22.2,0.108,23,0
3,89,16,85,30.4,0.551,38,0
1,80,11,60,30,0.527,22,0
2,139,0,0,25.6,0.167,29,0
1,90,8,0,24.5,1.138,36,0
0,141,0,0,42.4,0.205,29,1
12,140,33,0,37.4,0.244,41,0
5,147,0,0,29.9,0.434,28,0
1,97,15,0,18.2,0.147,21,0
6,107,0,0,36.8,0.727,31,0
0,189,25,0,34.3,0.435,41,1
2,83,23,50,32.2,0.497,22,0
4,117,27,120,33.2,0.23,24,0
8,108,0,0,30.5,0.955,33,1
4,117,12,0,29.7,0.38,30,1
0,180,63,14,59.4,2.42,25,1
1,100,12,70,25.3,0.658,28,0
0,95,45,92,36.5,0.33,26,0
0,104,37,64,33.6,0.51,22,1
0,120,18,63,30.5,0.285,26,0
1,82,13,95,21.2,0.415,23,0
2,134,0,0,28.9,0.542,23,1
0,91,32,210,39.9,0.381,25,0
2,119,0,0,19.6,0.832,72,0
2,100,28,105,37.8,0.498,24,0
14,175,30,0,33.6,0.212,38,1
1,135,0,0,26.7,0.687,62,0
5,86,28,71,30.2,0.364,24,0
10,148,48,237,37.6,1.001,51,1
9,134,33,60,25.9,0.46,81,0
9,120,22,56,20.8,0.733,48,0
1,71,0,0,21.8,0.416,26,0
8,74,40,49,35.3,0.705,39,0
5,88,30,0,27.6,0.258,37,0
10,115,0,0,24,1.022,34,0
0,124,13,105,21.8,0.452,21,0
0,74,10,36,27.8,0.269,22,0
0,97,36,100,36.8,0.6,25,0
8,120,0,0,30,0.183,38,1
6,154,41,140,46.1,0.571,27,0
1,144,40,0,41.3,0.607,28,0
0,137,38,0,33.2,0.17,22,0
0,119,27,0,38.8,0.259,22,0
7,136,0,0,29.9,0.21,50,0
4,114,0,0,28.9,0.126,24,0
0,137,27,0,27.3,0.231,59,0
2,105,45,191,33.7,0.711,29,1
7,114,17,110,23.8,0.466,31,0
8,126,38,75,25.9,0.162,39,0
4,132,31,0,28,0.419,63,0
3,158,30,328,35.5,0.344,35,1
0,123,37,0,35.2,0.197,29,0
4,85,22,49,27.8,0.306,28,0
0,84,31,125,38.2,0.233,23,0
0,145,0,0,44.2,0.63,31,1
0,135,42,250,42.3,0.365,24,1
1,139,41,480,40.7,0.536,21,0
0,173,32,265,46.5,1.159,58,0
4,99,17,0,25.6,0.294,28,0
8,194,0,0,26.1,0.551,67,0
2,83,28,66,36.8,0.629,24,0
2,89,30,0,33.5,0.292,42,0
4,99,38,0,32.8,0.145,33,0
4,125,18,122,28.9,1.144,45,1
3,80,0,0,0,0.174,22,0
6,166,0,0,26.6,0.304,66,0
5,110,0,0,26,0.292,30,0
2,81,15,76,30.1,0.547,25,0
7,195,33,145,25.1,0.163,55,1
6,154,32,193,29.3,0.839,39,0
2,117,19,71,25.2,0.313,21,0
3,84,32,0,37.2,0.267,28,0
6,0,41,0,39,0.727,41,1
7,94,25,79,33.3,0.738,41,0
3,96,39,0,37.3,0.238,40,0
10,75,0,0,33.3,0.263,38,0
0,180,26,90,36.5,0.314,35,1
1,130,23,170,28.6,0.692,21,0
2,84,23,76,30.4,0.968,21,0
8,120,0,0,25,0.409,64,0
12,84,31,0,29.7,0.297,46,1
0,139,17,210,22.1,0.207,21,0
9,91,0,0,24.2,0.2,58,0
2,91,0,0,27.3,0.525,22,0
3,99,19,86,25.6,0.154,24,0
3,163,18,105,31.6,0.268,28,1
9,145,34,165,30.3,0.771,53,1
7,125,0,0,37.6,0.304,51,0
13,76,0,0,32.8,0.18,41,0
6,129,7,326,19.6,0.582,60,0
2,68,32,66,25,0.187,25,0
3,124,33,130,33.2,0.305,26,0
6,114,0,0,0,0.189,26,0
9,130,0,0,34.2,0.652,45,1
3,125,0,0,31.6,0.151,24,0
3,87,18,0,21.8,0.444,21,0
1,97,19,82,18.2,0.299,21,0
3,116,15,105,26.3,0.107,24,0
0,117,31,188,30.8,0.493,22,0
0,111,0,0,24.6,0.66,31,0
2,122,18,106,29.8,0.717,22,0
0,107,0,0,45.3,0.686,24,0
1,86,52,65,41.3,0.917,29,0
6,91,0,0,29.8,0.501,31,0
1,77,30,56,33.3,1.251,24,0
4,132,0,0,32.9,0.302,23,1
0,105,0,0,29.6,0.197,46,0
0,57,0,0,21.7,0.735,67,0
0,127,37,210,36.3,0.804,23,0
3,129,49,155,36.4,0.968,32,1
8,100,40,215,39.4,0.661,43,1
3,128,25,190,32.4,0.549,27,1
10,90,32,0,34.9,0.825,56,1
4,84,23,56,39.5,0.159,25,0
1,88,29,76,32,0.365,29,0
8,186,35,225,34.5,0.423,37,1
5,187,27,207,43.6,1.034,53,1
4,131,21,166,33.1,0.16,28,0
1,164,43,67,32.8,0.341,50,0
4,189,31,0,28.5,0.68,37,0
1,116,28,0,27.4,0.204,21,0
3,84,30,106,31.9,0.591,25,0
6,114,0,0,27.8,0.247,66,0
1,88,24,44,29.9,0.422,23,0
1,84,23,115,36.9,0.471,28,0
7,124,33,215,25.5,0.161,37,0
1,97,40,0,38.1,0.218,30,0
8,110,0,0,27.8,0.237,58,0
11,103,40,0,46.2,0.126,42,0
11,85,0,0,30.1,0.3,35,0
6,125,0,0,33.8,0.121,54,1
0,198,32,274,41.3,0.502,28,1
1,87,34,77,37.6,0.401,24,0
6,99,19,54,26.9,0.497,32,0
0,91,0,0,32.4,0.601,27,0
2,95,14,88,26.1,0.748,22,0
1,99,30,18,38.6,0.412,21,0
6,92,32,126,32,0.085,46,0
4,154,29,126,31.3,0.338,37,0
0,121,30,165,34.3,0.203,33,1
3,78,0,0,32.5,0.27,39,0
2,130,0,0,22.6,0.268,21,0
3,111,31,44,29.5,0.43,22,0
2,98,17,120,34.7,0.198,22,0
1,143,30,330,30.1,0.892,23,0
1,119,47,63,35.5,0.28,25,0
6,108,20,130,24,0.813,35,0
2,118,0,0,42.9,0.693,21,1
10,133,0,0,27,0.245,36,0
2,197,99,0,34.7,0.575,62,1
0,151,46,0,42.1,0.371,21,1
6,109,27,0,25,0.206,27,0
12,121,17,0,26.5,0.259,62,0
8,100,0,0,38.7,0.19,42,0
8,124,24,600,28.7,0.687,52,1
1,93,11,0,22.5,0.417,22,0
8,143,0,0,34.9,0.129,41,1
6,103,0,0,24.3,0.249,29,0
3,176,27,156,33.3,1.154,52,1
0,73,0,0,21.1,0.342,25,0
11,111,40,0,46.8,0.925,45,1
2,112,50,140,39.4,0.175,24,0
3,132,0,0,34.4,0.402,44,1
2,82,22,115,28.5,1.699,25,0
6,123,45,230,33.6,0.733,34,0
0,188,14,185,32,0.682,22,1
0,67,0,0,45.3,0.194,46,0
1,89,19,25,27.8,0.559,21,0
1,173,0,0,36.8,0.088,38,1
1,109,18,120,23.1,0.407,26,0
1,108,19,0,27.1,0.4,24,0
6,96,0,0,23.7,0.19,28,0
1,124,36,0,27.8,0.1,30,0
7,150,29,126,35.2,0.692,54,1
4,183,0,0,28.4,0.212,36,1
1,124,32,0,35.8,0.514,21,0
1,181,42,293,40,1.258,22,1
1,92,25,41,19.5,0.482,25,0
0,152,39,272,41.5,0.27,27,0
1,111,13,182,24,0.138,23,0
3,106,21,158,30.9,0.292,24,0
3,174,22,194,32.9,0.593,36,1
7,168,42,321,38.2,0.787,40,1
6,105,28,0,32.5,0.878,26,0
11,138,26,144,36.1,0.557,50,1
3,106,0,0,25.8,0.207,27,0
6,117,0,0,28.7,0.157,30,0
2,68,13,15,20.1,0.257,23,0
9,112,24,0,28.2,1.282,50,1
0,119,0,0,32.4,0.141,24,1
2,112,42,160,38.4,0.246,28,0
2,92,20,0,24.2,1.698,28,0
6,183,0,0,40.8,1.461,45,0
0,94,27,115,43.5,0.347,21,0
2,108,0,0,30.8,0.158,21,0
4,90,47,54,37.7,0.362,29,0
0,125,0,0,24.7,0.206,21,0
0,132,0,0,32.4,0.393,21,0
5,128,0,0,34.6,0.144,45,0
4,94,22,0,24.7,0.148,21,0
7,114,0,0,27.4,0.732,34,1
0,102,40,90,34.5,0.238,24,0
2,111,0,0,26.2,0.343,23,0
1,128,17,183,27.5,0.115,22,0
10,92,0,0,25.9,0.167,31,0
13,104,0,0,31.2,0.465,38,1
5,104,0,0,28.8,0.153,48,0
2,94,18,66,31.6,0.649,23,0
7,97,32,91,40.9,0.871,32,1
1,100,12,46,19.5,0.149,28,0
0,102,17,105,29.3,0.695,27,0
4,128,0,0,34.3,0.303,24,0
6,147,0,0,29.5,0.178,50,1
4,90,0,0,28,0.61,31,0
3,103,30,152,27.6,0.73,27,0
2,157,35,440,39.4,0.134,30,0
1,167,17,144,23.4,0.447,33,1
0,179,36,159,37.8,0.455,22,1
11,136,35,130,28.3,0.26,42,1
0,107,25,0,26.4,0.133,23,0
1,91,25,100,25.2,0.234,23,0
1,117,23,106,33.8,0.466,27,0
5,123,40,77,34.1,0.269,28,0
2,120,0,0,26.8,0.455,27,0
1,106,28,135,34.2,0.142,22,0
2,155,27,540,38.7,0.24,25,1
2,101,35,90,21.8,0.155,22,0
1,120,48,200,38.9,1.162,41,0
11,127,0,0,39,0.19,51,0
3,80,31,70,34.2,1.292,27,1
10,162,0,0,27.7,0.182,54,0
1,199,43,0,42.9,1.394,22,1
8,167,46,231,37.6,0.165,43,1
9,145,46,130,37.9,0.637,40,1
6,115,39,0,33.7,0.245,40,1
1,112,45,132,34.8,0.217,24,0
4,145,18,0,32.5,0.235,70,1
10,111,27,0,27.5,0.141,40,1
6,98,33,190,34,0.43,43,0
9,154,30,100,30.9,0.164,45,0
6,165,26,168,33.6,0.631,49,0
1,99,10,0,25.4,0.551,21,0
10,68,23,49,35.5,0.285,47,0
3,123,35,240,57.3,0.88,22,0
8,91,0,0,35.6,0.587,68,0
6,195,0,0,30.9,0.328,31,1
9,156,0,0,24.8,0.23,53,1
0,93,0,0,35.3,0.263,25,0
3,121,0,0,36,0.127,25,1
2,101,17,265,24.2,0.614,23,0
2,56,28,45,24.2,0.332,22,0
0,162,36,0,49.6,0.364,26,1
0,95,39,105,44.6,0.366,22,0
4,125,0,0,32.3,0.536,27,1
5,136,0,0,0,0.64,69,0
2,129,26,205,33.2,0.591,25,0
3,130,0,0,23.1,0.314,22,0
1,107,19,0,28.3,0.181,29,0
1,140,26,180,24.1,0.828,23,0
1,144,46,180,46.1,0.335,46,1
8,107,0,0,24.6,0.856,34,0
13,158,0,0,42.3,0.257,44,1
2,121,32,95,39.1,0.886,23,0
7,129,49,125,38.5,0.439,43,1
2,90,0,0,23.5,0.191,25,0
7,142,24,480,30.4,0.128,43,1
3,169,19,125,29.9,0.268,31,1
0,99,0,0,25,0.253,22,0
4,127,11,155,34.5,0.598,28,0
4,118,0,0,44.5,0.904,26,0
2,122,27,200,35.9,0.483,26,0
6,125,31,0,27.6,0.565,49,1
1,168,29,0,35,0.905,52,1
2,129,0,0,38.5,0.304,41,0
4,110,20,100,28.4,0.118,27,0
6,80,36,0,39.8,0.177,28,0
10,115,0,0,0,0.261,30,1
2,127,21,335,34.4,0.176,22,0
9,164,0,0,32.8,0.148,45,1
2,93,32,160,38,0.674,23,1
3,158,13,387,31.2,0.295,24,0
5,126,27,22,29.6,0.439,40,0
10,129,36,0,41.2,0.441,38,1
0,134,20,291,26.4,0.352,21,0
3,102,0,0,29.5,0.121,32,0
7,187,33,392,33.9,0.826,34,1
3,173,39,185,33.8,0.97,31,1
10,94,18,0,23.1,0.595,56,0
1,108,46,178,35.5,0.415,24,0
5,97,27,0,35.6,0.378,52,1
4,83,19,0,29.3,0.317,34,0
1,114,36,200,38.1,0.289,21,0
1,149,29,127,29.3,0.349,42,1
5,117,30,105,39.1,0.251,42,0
1,111,0,0,32.8,0.265,45,0
4,112,40,0,39.4,0.236,38,0
1,116,29,180,36.1,0.496,25,0
0,141,26,0,32.4,0.433,22,0
2,175,0,0,22.9,0.326,22,0
2,92,0,0,30.1,0.141,22,0
3,130,23,79,28.4,0.323,34,1
8,120,0,0,28.4,0.259,22,1
2,174,37,120,44.5,0.646,24,1
2,106,27,165,29,0.426,22,0
2,105,0,0,23.3,0.56,53,0
4,95,32,0,35.4,0.284,28,0
0,126,27,120,27.4,0.515,21,0
8,65,23,0,32,0.6,42,0
2,99,17,160,36.6,0.453,21,0
1,102,0,0,39.5,0.293,42,1
11,120,37,150,42.3,0.785,48,1
3,102,20,94,30.8,0.4,26,0
1,109,18,116,28.5,0.219,22,0
9,140,0,0,32.7,0.734,45,1
13,153,37,140,40.6,1.174,39,0
12,100,33,105,30,0.488,46,0
1,147,41,0,49.3,0.358,27,1
1,81,41,57,46.3,1.096,32,0
3,187,22,200,36.4,0.408,36,1
6,162,0,0,24.3,0.178,50,1
4,136,0,0,31.2,1.182,22,1
1,121,39,74,39,0.261,28,0
3,108,24,0,26,0.223,25,0
0,181,44,510,43.3,0.222,26,1
8,154,32,0,32.4,0.443,45,1
1,128,39,110,36.5,1.057,37,1
7,137,41,0,32,0.391,39,0
0,123,0,0,36.3,0.258,52,1
1,106,0,0,37.5,0.197,26,0
6,190,0,0,35.5,0.278,66,1
2,88,26,16,28.4,0.766,22,0
9,170,31,0,44,0.403,43,1
9,89,0,0,22.5,0.142,33,0
10,101,48,180,32.9,0.171,63,0
2,122,27,0,36.8,0.34,27,0
5,121,23,112,26.2,0.245,30,0
1,126,0,0,30.1,0.349,47,1
1,93,31,0,30.4,0.315,23,0
